<?xml version="1.0" encoding="UTF-8"?>
<project-private xmlns="http://www.netbeans.org/ns/project-private/1">
    <editor-bookmarks xmlns="http://www.netbeans.org/ns/editor-bookmarks/2" lastBookmarkId="0"/>
    <open-files xmlns="http://www.netbeans.org/ns/projectui-open-files/2">
        <group>
            <file>file:/E:/jubn/EsDaIn/Exmns/ExmFinal/ExmFinalEDem23/ExamenFinaleneromayo2023/src/LnkStrwN/LnkStrwN.java</file>
            <file>file:/E:/jubn/EsDaIn/Exmns/ExmFinal/ExmFinalEDem23/ExamenFinaleneromayo2023/src/Proble2Main.java</file>
            <file>file:/E:/jubn/EsDaIn/Exmns/ExmFinal/ExmFinalEDem23/ExamenFinaleneromayo2023/src/Proble1Main.java</file>
            <file>file:/E:/jubn/EsDaIn/Exmns/ExmFinal/ExmFinalEDem23/ExamenFinaleneromayo2023/src/LnkStrwN/LNode.java</file>
        </group>
        <group name="clsAB"/>
    </open-files>
</project-private>
